service_date,rows,mae,baseline_mae,observed_net,difference
2025-07-01,261,5.87691942142624,14.0536398467433,246,-8.17672042531706
2025-07-02,261,4.6064629184116,10.7011494252874,355,-6.09468650687576
2025-07-03,261,8.43672220737177,10.551724137931,494,-2.11500193055927
2025-07-04,261,12.1917787876088,8.42528735632184,-85,3.76649143128694
2025-07-07,261,5.29917728474264,12.5134099616858,362,-7.21423267694318
2025-07-08,261,5.13451542962369,14.6206896551724,288,-9.48617422554873
2025-07-09,261,4.89058184086251,12.2260536398467,297,-7.33547179898423
2025-07-10,261,4.59743384121893,13.2758620689655,213,-8.67842822774659
2025-07-11,261,6.27722831090914,10.9348659003831,208,-4.657637589474
2025-07-14,261,6.21898482283406,14.088122605364,-29,-7.86913778252992
2025-07-15,261,4.86949419347174,13.72030651341,551,-8.85081231993822
2025-07-16,261,5.45902759214708,12.6130268199234,496,-7.15399922777629
2025-07-17,261,4.54409100359381,13.1915708812261,395,-8.64747987763224
2025-07-18,261,7.26704089815557,10.5057471264368,132,-3.23870622828121
2025-07-21,261,5.2205292702486,12.7969348659004,478,-7.57640559565179
2025-07-22,261,4.79830110784401,13.6628352490421,346,-8.86453414119813
2025-07-23,261,4.95488431494847,13.2873563218391,498,-8.33247200689061
2025-07-24,261,5.29041551575633,11.7739463601533,327,-6.48353084439692
2025-07-25,261,7.16775074994802,8.98467432950192,219,-1.81692357955389
2025-07-28,261,4.7476016513707,13.3141762452107,45,-8.56657459384003
2025-07-29,261,4.10050788559209,13.9003831417625,484,-9.79987525617037
2025-07-30,261,6.09522112328848,13.2490421455939,-174,-7.15382102230539
2025-07-31,261,5.07763818349223,12.8850574712644,449,-7.80741928777213
