service_date,rows,zero,frozen_jan_jun_mean,frozen_jan_jun_weekday_mean,seasonal_naive_previous_weekday,rolling_20_weekday_mean,rolling_20_weekday_median,previous_4_same_weekday_mean,previous_4_same_weekday_median,ridge_a100,boosting_l15,primary_difference
2025-08-01,261,10.2068965517241,7.21672755353589,4.87975243147657,6.24904214559387,6.92950191570881,7.18390804597701,5.26053639846743,5.01724137931035,4.98922741631313,5.0930617285199,0.213309297043329
2025-08-04,261,12.2835249042146,5.77706495589414,4.79457707043914,5.86590038314176,5.50210727969349,5.68582375478927,5.16858237547893,5.23563218390805,4.70501269470049,4.95173359723974,0.157156526800602
2025-08-05,261,13.5249042145594,4.9899313908937,5.31908045977011,5.92337164750958,4.72701149425287,4.71455938697318,5.21168582375479,5.12068965517241,4.67183531829019,4.56952250730563,-0.749557952464486
2025-08-06,261,14.5708812260536,5.63013454513053,5.24373710580607,6.8544061302682,5.67260536398467,5.68199233716475,5.47605363984674,5.93486590038314,5.35772294745352,5.44512734708857,0.201390241282502
2025-08-07,261,11.8735632183908,4.6691912441712,4.86280577659889,5.78544061302682,4.41973180076628,4.26628352490421,4.60536398467433,4.53831417624521,4.21578613156153,4.26926679039633,-0.593538986202554
2025-08-08,261,11.4865900383142,7.20858950369777,5.05599764220454,6.727969348659,6.71130268199234,6.76053639846743,4.94540229885058,5.05363984674329,4.93052030398739,4.95068451651662,-0.105313125687912
2025-08-11,261,10.9157088122605,5.62330333541239,4.64868847627469,5.45210727969349,5.42471264367816,5.49425287356322,5.04980842911877,4.77777777777778,4.39641644521989,4.55485449853881,-0.0938339777358834
2025-08-12,261,13.551724137931,5.40595206272833,5.60551724137931,6.272030651341,4.92126436781609,5.02490421455939,5.11973180076628,5.04406130268199,4.7786962010574,4.99375051950348,-0.61176672187583
2025-08-13,261,14.1800766283525,6.54848673854287,5.95254936634247,7.5632183908046,6.48793103448276,6.56896551724138,6.10632183908046,6,5.8949042209642,5.81244459477654,-0.140104771565936
2025-08-14,261,11.5057471264368,4.86729632599721,5.42455054524021,5.71647509578544,4.37471264367816,4.47509578544061,4.67816091954023,4.8007662835249,4.4808449054853,4.45446164390831,-0.970088901331897
2025-08-15,261,10.3831417624521,7.73227598087261,5.67845564397288,6.56704980842912,6.93371647509579,7.04597701149425,4.88026819923372,4.7183908045977,4.90156520225931,4.97785921291538,-0.7005964310575
2025-08-18,261,9.99616858237548,5.96878434167929,4.96433834364869,5.93103448275862,5.58544061302682,5.38697318007663,5.59961685823755,5.58812260536398,4.68956799634678,4.78764226959913,-0.176696074049553
2025-08-19,261,11.4444444444444,5.21188630490956,6.14068965517241,6.74329501915709,4.58754789272031,4.56513409961686,5.38984674329502,5.33908045977012,4.94252037202696,4.62781250699211,-1.5128771481803
2025-08-20,261,14.8812260536398,6.37227122872672,5.71559092248747,7.42145593869732,6.5904214559387,6.52873563218391,6.45210727969349,6.28544061302682,6.14980130756798,6.02569078317574,0.310099860688264
2025-08-21,261,11.6666666666667,5.89970002079064,6.28337754199824,6.26053639846743,5.0360153256705,5.16858237547893,5.58429118773946,5.62452107279694,5.43559300505123,5.05912861505727,-1.22424892694096
2025-08-22,261,10.5019157088123,7.45442395081529,5.31682876510463,6.28735632183908,6.45057471264368,6.67432950191571,5.1235632183908,5.02490421455939,4.83666273406063,4.82303325316138,-0.493795511943243
2025-08-25,261,11.1417624521073,5.70091181799281,4.81373415856175,5.76628352490421,4.57624521072797,4.48467432950192,4.39942528735632,4.4272030651341,3.83599520257163,3.98650566592831,-0.827228492633442
2025-08-26,261,11.5287356321839,5.23915174195848,6.44045977011494,5.93869731800766,4.26379310344828,4.22605363984674,5.29885057471264,5.26245210727969,4.7850558520262,4.5330298490987,-1.90742992101624
2025-08-27,261,10.8697318007663,5.28910867563634,6.42823460064839,8.49425287356322,4.27969348659004,4.21072796934866,7.07088122605364,6.95210727969349,5.50842501823465,5.4404875516235,-0.98774704902489
2025-08-28,261,11.9655172413793,6.41008048947103,6.75139994105512,6.68199233716475,4.87375478927203,4.90996168582376,5.41187739463602,5.14367816091954,5.07274913473406,5.31352080903246,-1.43787913202266
2025-08-29,261,9.86206896551724,8.72600908847902,6.08576480990274,6.18773946360153,6.98180076628353,6.82567049808429,5.16570881226054,5.28927203065134,4.98218733422752,5.33242441602579,-0.753340393876944
2025-09-01,261,12.2835249042146,8.74875998693159,8.31299734748011,8.01532567049808,7.43620689655172,7.44061302681992,7.5,7.45019157088123,7.18405789146604,7.37330183795757,-0.939695509522541
2025-09-02,261,17.1724137931034,7.72894947874899,7.5704214559387,8.67049808429119,7.94578544061303,8.08429118773946,7.73850574712644,7.63793103448276,7.76519158479809,7.57257213876376,0.00215068282505815
2025-09-03,261,14.367816091954,6.20475808607324,5.42823460064839,7.88122605363985,7.04348659003831,7.11685823754789,5.49712643678161,5.57854406130268,5.91242549816465,5.41716248501028,-0.0110721156381119
2025-09-04,261,13.639846743295,5.18203688853248,5.08178603006189,8.58620689655172,6.47969348659004,6.45593869731801,6.55555555555556,6.5095785440613,5.87680968134743,5.85154803751142,0.769762007449526
2025-09-05,261,12.5900383141762,6.47295731978972,5.19982316534041,8.10727969348659,5.50555555555555,5.40613026819923,5.8132183908046,6.00191570881226,4.99194944847122,5.02844133448603,-0.17138183085438
2025-09-08,261,13.3026819923372,5.25070539665568,4.59210138520483,10.2145593869732,5.51934865900383,5.84291187739464,6.59195402298851,6.46934865900383,5.6292043214021,5.63541720901103,1.04331582380619
2025-09-09,261,14.2528735632184,5.89135406456978,5.57226053639847,8.23754789272031,6.24176245210728,6.42337164750958,5.86494252873563,5.76436781609195,5.34168292084182,5.66471052640034,0.0924499900018754
2025-09-10,261,12.3946360153257,5.95143900917758,5.82051282051282,7.01532567049808,5.45306513409962,5.71455938697318,5.37739463601533,5.06896551724138,5.16147283007389,4.95117433240832,-0.869338488104504
2025-09-11,261,12.9233716475096,7.56241646618551,7.69834954317713,8.23371647509579,6.96264367816092,6.82758620689655,6.77873563218391,6.59770114942529,6.75369700968378,6.68944177787161,-1.00890776530552
2025-09-12,261,11.3486590038314,5.6454305147168,5.54671382257589,6.36015325670498,5.49827586206897,5.52490421455939,6.24808429118774,6.37164750957854,5.813215396064,5.39235151881991,-0.154362303755981
2025-09-15,261,13.4137931034483,5.70355519914461,4.92396109637489,6.18773946360153,6.26149425287356,6.4904214559387,6.50670498084291,6.53065134099617,5.71402801326858,5.40386728406115,0.479906187686258
2025-09-16,261,15.8007662835249,5.83801122694466,5.792030651341,6.88888888888889,6.40325670498084,6.66858237547893,6.15900383141762,6.0727969348659,5.5865853408182,5.78667803822482,-0.00535261311617941
2025-09-17,261,13.5900383141762,6.37485520805489,5.92042440318302,6.86590038314176,6.69080459770115,6.73563218390805,6.30459770114942,6.44061302681992,5.73589211550753,5.88747871657979,-0.0329456866032345
2025-09-18,261,12.5363984674329,5.93733107606403,6.05820807544946,7.85823754789272,5.3948275862069,5.31609195402299,5.75383141762452,5.61685823754789,5.37089573600969,5.23982014020021,-0.818387935249256
2025-09-19,261,13.0727969348659,6.44278119338263,5.06424992631889,6.75862068965517,6.672030651341,6.81226053639847,5.79022988505747,5.53448275862069,5.42732660933622,5.24388032078088,0.179630394461987
2025-09-22,261,12.5363984674329,7.12744661261101,6.56439728853522,7.94252873563218,6.32586206896552,6.11302681992337,6.52011494252874,6.25478927203065,6.19555130107745,6.03584523089751,-0.528552057637714
2025-09-23,261,10.5670498084291,6.51489500727672,7.42605363984674,9.50191570881226,6.67605363984674,6.55172413793103,8.17911877394636,8.26819923371647,7.50887395854967,7.31361961563044,-0.112434024216299
2025-09-24,261,12.360153256705,5.9917431465146,6.2263483642794,8.49425287356322,5.14942528735632,5.09961685823755,6.29597701149425,6.15325670498084,5.61179862582971,5.57873465266208,-0.647613711617324
2025-09-25,261,10.8314176245211,6.5737919154118,6.65590922487475,7.48275862068965,6.21666666666667,6.18582375478927,6.72413793103448,6.09195402298851,5.83931342273154,6.07569200398035,-0.580217220894399
2025-09-26,261,12.264367816092,7.21877691645133,5.49042145593869,7.69731800766283,6.6132183908046,6.68199233716475,5.40421455938697,5.86015325670498,5.19120144224075,5.37021890761209,-0.120202548326605
2025-09-29,261,12.9310344827586,6.58792954943716,5.3501326259947,7.56704980842912,6.04252873563218,5.97509578544061,5.71551724137931,5.78352490421456,5.78097102872405,5.57390382921237,0.22377120321767
2025-09-30,261,14.6551724137931,6.12827823814191,5.98283524904215,9.62068965517241,6.38103448275862,6.38888888888889,6.42528735632184,6.09770114942529,6.20972943301388,5.88454996582525,-0.0982852832168968
2025-10-01,261,14.3908045977012,5.90662033324423,5.69112879457707,8.02298850574713,5.73180076628353,5.81417624521073,6.21647509578544,6.54022988505747,6.07935915706323,5.81721671824927,0.126087923672195
2025-10-02,261,12.4789272030651,5.80400368291306,6.18258178603007,8.74329501915709,6.31302681992337,6.31034482758621,7.23946360153257,7.1992337164751,6.35985616707545,6.33546062769116,0.152878841661092
2025-10-03,261,13.2988505747126,6.97546704683834,6.08841732979664,6.21455938697318,6.68524904214559,6.64942528735632,6.50095785440613,6.60536398467433,6.31051463466362,6.13901128508481,0.0505939552881731
2025-10-06,261,14.3409961685824,6.65808310315126,5.66814028882994,6.95019157088123,6.31455938697318,6.0727969348659,5.55172413793103,5.68390804597701,5.37652178955652,5.62297348306727,-0.0451668057626762
2025-10-07,261,13.8275862068966,4.51248923341947,4.2335632183908,6.94252873563218,5.6588122605364,5.64176245210728,5.40134099616858,5.35249042145594,4.7784115508912,4.54228100212385,0.308717783733048
2025-10-08,261,13.6666666666667,5.77151088538418,5.50338933097554,7.18390804597701,5.51264367816092,5.29885057471264,5.79310344827586,5.67816091954023,5.29709726362155,4.83782059369368,-0.665568737281863
2025-10-09,261,11.8275862068966,6.39588345362203,6.37179487179488,7.90804597701149,5.89386973180077,6.17816091954023,5.5316091954023,5.68390804597701,5.81948888941979,5.64087187665471,-0.730922995140173
2025-10-10,261,12.6781609195402,6.73637470670349,4.58208075449455,6.81226053639847,6.28888888888889,6.22988505747126,4.54214559386973,4.68007662835249,4.91063262809877,4.82443875833435,0.242358003839806
2025-10-13,261,13.272030651341,5.81579494490481,5.69407603890363,7.85057471264368,6.17222222222222,6.3639846743295,6.94540229885058,7.01915708812261,6.15365445507679,5.856173501559,0.162097462655374
2025-10-14,261,15.2260536398467,6.03112655558525,6.18283524904214,6.89272030651341,6.41609195402299,6.59770114942529,6.51724137931035,6.40421455938697,6.22406791938028,6.03890467451926,-0.14393057452288
2025-10-15,261,14.9195402298851,4.72345481006266,4.9351606248158,6.33333333333333,4.71340996168582,4.73563218390805,5.32950191570881,5.36590038314176,4.95959832649841,4.79852484808979,-0.136635776726009
2025-10-16,261,12.7892720306513,5.48231310701238,5.64942528735632,7.1992337164751,4.74501915708812,4.79885057471264,5.43773946360153,5.47701149425287,5.14059271087213,5.26851266948006,-0.380912617876265
2025-10-17,261,13.4597701149425,6.73548367934895,4.66696139109932,5.40229885057471,6.23544061302682,6.06130268199234,5.022030651341,5.11877394636015,5.03786247776827,4.96957871325738,0.302617322158059
2025-10-20,261,14.1570881226054,6.03976952092429,5.19864426760979,7.55938697318008,6.28122605363985,6.49808429118774,5.36590038314176,5.52298850574713,5.44541041532996,5.34446422015231,0.145819952542527
2025-10-21,261,14.2107279693487,5.1485639609136,5.62268199233716,6.55555555555556,4.6860153256705,4.75862068965517,4.86206896551724,5.22605363984674,4.96131444173979,4.82694703300076,-0.795734959336404
2025-10-22,261,13.544061302682,4.89681903234429,4.20159151193634,6.2183908045977,5.00727969348659,5.06896551724138,5.27490421455939,5.03256704980843,4.84584454148639,4.40756666982956,0.205975157893215
2025-10-23,261,14.6015325670498,5.62894650865782,5.3405540819334,6.64750957854406,5.29444444444444,5.48084291187739,6.03544061302682,6.04597701149425,5.5827857596135,5.54193404762539,0.201379965691998
2025-10-24,261,13.3141762452107,5.76616472125694,5.89890951959917,6.96551724137931,5.61666666666667,5.52681992337165,5.86590038314176,5.9176245210728,5.65750961482305,5.30391463308025,-0.594994886518925
2025-10-27,261,14.0114942528736,5.75986812795153,4.99351606248158,6.26053639846743,5.28218390804598,5.37739463601533,4.84386973180077,4.9272030651341,4.97213062248984,4.81461866114735,-0.17889740133423
2025-10-28,261,13.3869731800766,4.6039977427307,4.79034482758621,6.72413793103448,4.60747126436782,4.69157088122605,5.07950191570881,5.01915708812261,4.53894987572552,4.47109308858811,-0.319251738998096
2025-10-29,261,14.727969348659,6.52885443583118,6.17182434423814,6.02681992337165,5.86130268199234,5.97701149425287,6.14750957854406,6.13984674329502,5.90840950838182,5.83095391355952,-0.340870430678626
2025-10-30,261,9.74712643678161,6.61474947280882,6.60492189802535,8.60153256704981,7.10306513409962,7.17816091954023,6.45689655172414,6.61494252873563,6.25667732199401,6.22697746948656,-0.377944428538784
2025-10-31,261,12.7318007662835,7.27918857108913,6.24020041261421,8.06130268199234,7.45766283524904,7.2816091954023,6.73180076628353,6.60919540229885,6.52484472050959,6.10037836594213,-0.13982204667208
