model,family,training_rows,rows,mae,rmse,signed_bias,p90_absolute_error
zero,baseline,0,6003,12.4032983508246,34.9813710209793,-1.09861735798767,32
frozen_jan_jun_mean,baseline,0,6003,5.78792645021159,15.180173154819,0.172522265998784,15.0356589147287
frozen_jan_jun_weekday_mean,baseline,0,6003,5.4060028959879,13.5516152769751,0.192005279411576,14.4153846153846
seasonal_naive_previous_weekday,baseline,0,6003,6.91770781276029,16.6587537437584,0.166416791604198,18
rolling_20_weekday_mean,baseline,0,6003,5.84036315175745,14.9039167379898,0.183208395802099,14.94
rolling_20_weekday_median,baseline,0,6003,5.79035482258871,14.8669609672746,0.0165750458104281,15
previous_4_same_weekday_mean,baseline,0,6003,5.59657671164418,13.5150931940791,0.242503748125937,15
previous_4_same_weekday_median,baseline,0,6003,5.63576545060803,13.6438404103376,0.133183408295852,15
ridge_a1,ridge,27666,6003,5.22926219829937,12.6797237780953,-0.234686088045161,13.1890103876891
ridge_a100,ridge,27666,6003,5.21896583066769,12.5913747901333,-0.225117629097815,13.3048593517865
ridge_a10000,ridge,27666,6003,5.32183238789212,13.0602436599552,0.00553602260924657,13.6360447941996
boosting_l7,boosting,27666,6003,5.24843050108406,13.1000134100914,0.188885506773255,13.0314862531895
boosting_l15,boosting,27666,6003,5.18744245177728,12.6224516734288,0.146536154501949,13.4446525015737
boosting_l31,boosting,27666,6003,5.20632316726271,12.6968224716741,0.095595893618273,13.517731897085
