from_LocationID,from_zone,to_LocationID,to_zone,vehicles,distance_miles_proxy,vehicle_miles_proxy
230,Times Sq/Theatre District,161,Midtown Center,85,0.36264248845179925,30.824611518402936
79,East Village,170,Murray Hill,13,1.4426519122695083,18.754474859503606
79,East Village,234,Union Sq,20,0.9090299397148159,18.18059879429632
79,East Village,164,Midtown South,25,1.4464816136642955,36.16204034160739
79,East Village,100,Garment District,24,1.7928948406173124,43.0294761748155
239,Upper West Side South,163,Midtown North,73,1.3494608128671537,98.51063933930222
249,West Village,186,Penn Station/Madison Sq West,36,1.1058115429501412,39.80921554620508
249,West Village,68,East Chelsea,23,0.968299097512579,22.270879242789317
249,West Village,90,Flatiron,11,0.615223877274879,6.76746265002367
48,Clinton East,161,Midtown Center,70,0.7008248644107745,49.057740508754215
263,Yorkville West,162,Midtown East,31,1.8907629045216947,58.61365004017254
263,Yorkville West,138,LaGuardia Airport,4,4.070339689636145,16.28135875854458
263,Yorkville West,140,Lenox Hill East,33,0.9371213678587296,30.925005139338076
142,Lincoln Square East,161,Midtown Center,31,1.0954272384123176,33.95824439078184
142,Lincoln Square East,163,Midtown North,32,0.6687837129513771,21.401078814444066
141,Lenox Hill West,162,Midtown East,61,0.9730030982564974,59.35318899364634
148,Lower East Side,13,Battery Park City,26,1.4053011132986941,36.537828945766044
148,Lower East Side,144,Little Italy/NoLiTa,2,0.3436200378540251,0.6872400757080502
143,Lincoln Square West,161,Midtown Center,53,1.3432355458168228,71.1914839282916
158,Meatpacking/West Village West,68,East Chelsea,25,1.0393989772283594,25.984974430708984
158,Meatpacking/West Village West,246,West Chelsea/Hudson Yards,23,1.2875983852260142,29.614762860198326
50,Clinton West,161,Midtown Center,47,1.0760565034422103,50.57465566178388
236,Upper East Side North,162,Midtown East,37,1.8257612918989043,67.55316780025946
236,Upper East Side North,237,Upper East Side South,7,0.9327137712173772,6.52899639852164
238,Upper West Side North,163,Midtown North,1,1.8974981709189023,1.8974981709189023
238,Upper West Side North,43,Central Park,17,0.7482659823178355,12.720521699403204
262,Yorkville East,138,LaGuardia Airport,41,3.8246163214391435,156.80926917900487
229,Sutton Place/Turtle Bay North,162,Midtown East,36,0.37834187634131267,13.620307548287256
74,East Harlem North,138,LaGuardia Airport,36,3.8190601831542725,137.4861665935538
75,East Harlem South,138,LaGuardia Airport,30,3.933662395406992,118.00987186220976
4,Alphabet City,162,Midtown East,14,2.28547411809141,31.99663765327974
4,Alphabet City,170,Murray Hill,12,1.657543344350088,19.890520132201054
4,Alphabet City,233,UN/Turtle Bay South,1,1.837434265410322,1.837434265410322
114,Greenwich Village South,186,Penn Station/Madison Sq West,15,1.4148485217793794,21.22272782669069
114,Greenwich Village South,234,Union Sq,10,0.9040455267863394,9.040455267863393
224,Stuy Town/Peter Cooper Village,162,Midtown East,14,1.7302531102404948,24.223543543366926
224,Stuy Town/Peter Cooper Village,137,Kips Bay,9,0.5947080152119797,5.352372136907817
107,Gramercy,170,Murray Hill,22,0.8081555043081001,17.779421094778204
181,Park Slope,132,JFK Airport,2,10.367144554395788,20.734289108791575
112,Greenpoint,132,JFK Airport,12,10.282567255973506,123.39080707168208
112,Greenpoint,162,Midtown East,4,2.2252199224459193,8.900879689783677
255,Williamsburg (North Side),132,JFK Airport,16,10.253614588842094,164.0578334214735
33,Brooklyn Heights,88,Financial District South,2,1.0008510341509707,2.0017020683019413
113,Greenwich Village North,234,Union Sq,13,0.5721518950659874,7.437974635857836
45,Chinatown,13,Battery Park City,2,0.9417606188824694,1.8835212377649388
45,Chinatown,261,World Trade Center,10,0.8137677738306238,8.137677738306238
256,Williamsburg (South Side),132,JFK Airport,12,10.118706792066856,121.42448150480227
7,Astoria,138,LaGuardia Airport,10,2.575016465945254,25.75016465945254
145,Long Island City/Hunters Point,162,Midtown East,9,1.4577285349515015,13.119556814563513
209,Seaport,261,World Trade Center,8,0.4914106472127305,3.931285177701844
61,Crown Heights North,132,JFK Airport,7,8.247805889446889,57.734641226128225
49,Clinton Hill,132,JFK Airport,7,9.66155504668459,67.63088532679214
10,Baisley Park,132,JFK Airport,6,2.21823632415955,13.3094179449573
95,Forest Hills,132,JFK Airport,6,6.058205420581687,36.34923252349012
223,Steinway,138,LaGuardia Airport,6,1.6802217829183574,10.081330697510145
216,South Ozone Park,132,JFK Airport,6,2.6542078145302006,15.925246887181203
80,East Williamsburg,132,JFK Airport,6,9.196247461550668,55.177484769304
37,Bushwick South,132,JFK Airport,5,7.861800461901776,39.309002309508884
87,Financial District North,261,World Trade Center,5,0.3317845982777609,1.6589229913888046
97,Fort Greene,132,JFK Airport,5,10.347234065861006,51.736170329305025
76,East New York,132,JFK Airport,5,4.841538184314677,24.207690921573388
89,Flatbush/Ditmas Park,132,JFK Airport,5,9.18999059959901,45.949952997995055
129,Jackson Heights,70,East Elmhurst,5,0.980818306192632,4.90409153096316
17,Bedford,132,JFK Airport,4,9.116830352502422,36.46732141000969
189,Prospect Heights,132,JFK Airport,4,9.745868213952406,38.98347285580962
225,Stuyvesant Heights,132,JFK Airport,4,8.148768787676788,32.59507515070715
231,TriBeCa/Civic Center,13,Battery Park City,4,0.584739683764877,2.338958735059508
92,Flushing,70,East Elmhurst,4,2.080156607713459,8.320626430853835
39,Canarsie,132,JFK Airport,4,5.9820618966415,23.928247586566
211,SoHo,13,Battery Park City,2,1.1186914038025144,2.237382807605029
211,SoHo,125,Hudson Sq,2,0.3535269179408178,0.7070538358816356
36,Bushwick North,132,JFK Airport,4,7.819305713404349,31.277222853617396
202,Roosevelt Island,162,Midtown East,4,1.229258956410996,4.917035825643984
179,Old Astoria,138,LaGuardia Airport,3,2.876204271907367,8.6286128157221
198,Ridgewood,132,JFK Airport,3,7.313793891870386,21.941381675611158
257,Windsor Terrace,132,JFK Airport,3,10.072052232233995,30.216156696701987
188,Prospect-Lefferts Gardens,132,JFK Airport,3,8.495157918526745,25.485473755580237
218,Springfield Gardens North,132,JFK Airport,3,1.8717782370504348,5.615334711151304
205,Saint Albans,132,JFK Airport,3,3.2890302220312573,9.867090666093771
217,South Williamsburg,132,JFK Airport,3,9.856170664147596,29.568511992442787
168,Mott Haven/Port Morris,138,LaGuardia Airport,3,3.2104963296052786,9.631488988815835
219,Springfield Gardens South,132,JFK Airport,2,1.5619628967819101,3.1239257935638203
91,Flatlands,132,JFK Airport,2,7.680787981788159,15.361575963576318
62,Crown Heights South,132,JFK Airport,2,8.632687670671876,17.265375341343752
35,Brownsville,132,JFK Airport,2,6.6071310676770905,13.214262135354181
260,Woodside,70,East Elmhurst,2,2.3870121066464947,4.774024213292989
86,Far Rockaway,132,JFK Airport,2,3.486569349640465,6.97313869928093
157,Maspeth,132,JFK Airport,2,8.076822221414488,16.153644442828977
71,East Flatbush/Farragut,132,JFK Airport,2,7.961385848417776,15.922771696835552
93,Flushing Meadows-Corona Park,132,JFK Airport,2,7.066529308301344,14.133058616602687
160,Middle Village,132,JFK Airport,2,6.955083601952143,13.910167203904287
135,Kew Gardens Hills,132,JFK Airport,2,5.903978770926936,11.807957541853872
197,Richmond Hill,132,JFK Airport,2,4.025987010149466,8.051974020298932
258,Woodhaven,132,JFK Airport,2,4.639696253911996,9.279392507823992
124,Howard Beach,132,JFK Airport,2,3.165335009792011,6.330670019584022
215,South Jamaica,132,JFK Airport,2,3.2818840909239744,6.563768181847949
133,Kensington,132,JFK Airport,2,9.978678717182898,19.957357434365797
72,East Flatbush/Remsen Village,132,JFK Airport,2,7.142469027400623,14.284938054801247
182,Parkchester,138,LaGuardia Airport,2,4.449146631945623,8.898293263891246
226,Sunnyside,70,East Elmhurst,2,3.4430931371640803,6.8861862743281606
28,Briarwood/Jamaica Hills,132,JFK Airport,2,4.608289466358211,9.216578932716422
191,Queens Village,132,JFK Airport,2,5.282790162656357,10.565580325312714
63,Cypress Hills,132,JFK Airport,2,5.445435984923714,10.890871969847428
171,Murray Hill-Queens,132,JFK Airport,2,8.461275110523408,16.922550221046816
165,Midwood,132,JFK Airport,2,9.130758621577463,18.261517243154927
98,Fresh Meadows,132,JFK Airport,2,6.0557367517950444,12.111473503590089
177,Ocean Hill,132,JFK Airport,2,6.985164617801645,13.97032923560329
102,Glendale,132,JFK Airport,1,6.098765376927394,6.098765376927394
56,Corona,70,East Elmhurst,1,1.5950492256506938,1.5950492256506938
155,Marine Park/Mill Basin,132,JFK Airport,1,7.12777016841446,7.12777016841446
121,Hillcrest/Pomonok,132,JFK Airport,1,5.675038126556591,5.675038126556591
131,Jamaica Estates,132,JFK Airport,1,5.112813030633095,5.112813030633095
167,Morrisania/Melrose,138,LaGuardia Airport,1,3.9638811196217674,3.9638811196217674
203,Rosedale,132,JFK Airport,1,2.584109226729881,2.584109226729881
149,Madison,132,JFK Airport,1,8.978463902033146,8.978463902033146
38,Cambria Heights,132,JFK Airport,1,4.224950312728013,4.224950312728013
139,Laurelton,132,JFK Airport,1,3.0424239335303005,3.0424239335303005
213,Soundview/Castle Hill,138,LaGuardia Airport,1,3.108499444652321,3.108499444652321
208,Schuylerville/Edgewater Park,138,LaGuardia Airport,1,4.278305015297105,4.278305015297105
210,Sheepshead Bay,132,JFK Airport,1,8.94016090451417,8.94016090451417
193,Queensbridge/Ravenswood,138,LaGuardia Airport,1,3.7157230862861663,3.7157230862861663
85,Erasmus,132,JFK Airport,1,8.677087823067385,8.677087823067385
117,Hammels/Arverne,132,JFK Airport,1,3.6555744899911216,3.6555744899911216
252,Whitestone,138,LaGuardia Airport,1,3.1866569260432307,3.1866569260432307
194,Randalls Island,138,LaGuardia Airport,1,2.909029170973485,2.909029170973485
83,Elmhurst/Maspeth,70,East Elmhurst,1,2.1305943201649664,2.1305943201649664
123,Homecrest,132,JFK Airport,1,9.89540184755305,9.89540184755305
16,Bayside,132,JFK Airport,1,8.01674535296944,8.01674535296944
77,East New York/Pennsylvania Avenue,132,JFK Airport,1,5.876471939121727,5.876471939121727
134,Kew Gardens,132,JFK Airport,1,4.760815278956959,4.760815278956959
82,Elmhurst,70,East Elmhurst,1,1.7086246144737112,1.7086246144737112
196,Rego Park,132,JFK Airport,1,6.791147520310223,6.791147520310223
19,Bellerose,132,JFK Airport,1,6.868903011605132,6.868903011605132
64,Douglaston,132,JFK Airport,1,8.222975152434127,8.222975152434127
15,Bay Terrace/Fort Totten,132,JFK Airport,1,9.408323197436331,9.408323197436331
222,Starrett City,132,JFK Airport,1,5.039441110002557,5.039441110002557
180,Ozone Park,132,JFK Airport,1,3.742686500649815,3.742686500649815
29,Brighton Beach,132,JFK Airport,1,10.25446636709977,10.25446636709977
178,Ocean Parkway South,132,JFK Airport,1,9.87643640765955,9.87643640765955
173,North Corona,70,East Elmhurst,1,0.7947372433713948,0.7947372433713948
175,Oakland Gardens,132,JFK Airport,1,6.8118580831608915,6.8118580831608915
146,Long Island City/Queens Plaza,70,East Elmhurst,1,3.5419231032315786,3.5419231032315786
192,Queensboro Hill,132,JFK Airport,1,6.845091062309143,6.845091062309143
53,College Point,138,LaGuardia Airport,1,1.6781348559490552,1.6781348559490552
248,West Farms/Bronx River,138,LaGuardia Airport,1,4.12624479366691,4.12624479366691
190,Prospect Park,132,JFK Airport,1,9.637575590317327,9.637575590317327
122,Hollis,132,JFK Airport,1,4.590330315224262,4.590330315224262
201,Rockaway Park,132,JFK Airport,1,5.623993558080113,5.623993558080113
101,Glen Oaks,132,JFK Airport,1,7.899149383933605,7.899149383933605
9,Auburndale,132,JFK Airport,1,7.17997736132204,7.17997736132204
154,Marine Park/Floyd Bennett Field,132,JFK Airport,1,7.1291169994881285,7.1291169994881285
150,Manhattan Beach,132,JFK Airport,1,9.450013043355986,9.450013043355986
212,Soundview/Bruckner,138,LaGuardia Airport,1,3.6992813626947627,3.6992813626947627
