LocationID,avg_pickups,avg_dropoffs,avg_net_vehicle_flow,avg_pickup_revenue,weekday_6pm_hours,borough,zone,x_ft,y_ft,expected_surplus,expected_deficit
161,595.2403100775193,308.94573643410854,-286.29457364341084,14794.296899224812,129,Manhattan,Midtown Center,990428.525989642,215447.5272239114,0,286
132,293.92248062015506,77.94573643410853,-215.97674418604652,22860.76899224805,129,Queens,JFK Airport,1043488.1868617043,175062.67758486557,0,216
162,424.2325581395349,213.86821705426357,-210.36434108527132,10408.147674418611,129,Manhattan,Midtown East,991908.5895678961,214959.58164229896,0,210
138,207.65116279069767,63.906976744186046,-143.74418604651163,13587.35403100775,129,Queens,LaGuardia Airport,1019251.3069710146,221428.0449285067,0,144
163,323.48062015503876,217.07751937984497,-106.40310077519379,7738.3400775193795,129,Manhattan,Midtown North,990463.7954353758,217776.88244811285,0,106
230,308.4573643410853,393.1860465116279,84.72868217054264,7722.186589147288,129,Manhattan,Times Sq/Theatre District,988628.0600467023,216099.1397683868,85,0
79,125.59689922480621,207.8217054263566,82.2248062015504,2889.7842635658913,129,Manhattan,East Village,988147.6579909977,204368.5018753222,82,0
239,226.65891472868216,299.47286821705427,72.81395348837209,4871.128449612403,129,Manhattan,Upper West Side South,990167.4982917221,224895.87216479488,73,0
249,124.68217054263566,195.06201550387595,70.37984496124031,2842.4495348837204,129,Manhattan,West Village,983453.2246483457,206902.40799528995,70,0
48,178.65116279069767,249.0077519379845,70.35658914728683,4058.12472868217,129,Manhattan,Clinton East,987063.1857021254,216986.07003374878,70,0
263,145.09302325581396,213.52713178294573,68.43410852713178,3105.481705426357,129,Manhattan,Yorkville West,997817.9196611019,223005.98840944972,68,0
142,263.86046511627904,326.73643410852713,62.87596899224806,5802.388604651163,129,Manhattan,Lincoln Square East,989365.0684741095,221132.7753491493,63,0
141,200.24806201550388,261.3953488372093,61.14728682170543,4257.055271317831,129,Manhattan,Lenox Hill West,995431.1975186545,218699.1927268597,61,0
148,48.37984496124031,102.78294573643412,54.4031007751938,1194.4418604651164,129,Manhattan,Lower East Side,986773.5460915552,201205.26489160702,54,0
143,100.7751937984496,153.93798449612405,53.16279069767442,2142.670620155039,129,Manhattan,Lincoln Square West,987671.7097013488,221982.08549339895,53,0
186,243.8294573643411,193.0077519379845,-50.82170542635659,6073.392093023256,129,Manhattan,Penn Station/Madison Sq West,986345.3986004688,211974.4462185665,0,51
68,262.1782945736434,213.984496124031,-48.1937984496124,6450.068837209305,129,Manhattan,East Chelsea,984272.7786326221,211948.91240008172,0,48
158,75.33333333333333,123.14728682170542,47.81395348837209,1875.8098449612405,129,Manhattan,Meatpacking/West Village West,981760.1630097581,207069.85524818485,48,0
50,47.798449612403104,95.07751937984496,47.27906976744186,1065.366356589147,129,Manhattan,Clinton West,985597.5343919232,218437.82028573466,47,0
170,288.5736434108527,241.90697674418604,-46.666666666666664,6892.69573643411,129,Manhattan,Murray Hill,990209.6000586881,211701.31597992923,0,47
236,410.09302325581393,453.6821705426357,43.58914728682171,8888.87124031008,129,Manhattan,Upper East Side North,996155.3867656847,223613.7535760244,44,0
238,165.67441860465115,209.05426356589146,43.37984496124031,3518.3361240310073,129,Manhattan,Upper West Side North,991712.7644413216,227717.51805898765,43,0
234,293.9767441860465,251.28682170542635,-42.689922480620154,6825.083333333337,129,Manhattan,Union Sq,986894.2367963481,209001.62663046308,0,43
262,109.6124031007752,150.90697674418604,41.29457364341085,2472.932093023255,129,Manhattan,Yorkville East,999064.7250824339,221974.400787808,41,0
229,159.26356589147287,195.75968992248062,36.49612403100775,3736.638217054264,129,Manhattan,Sutton Place/Turtle Bay North,993906.1723071609,214975.36687718582,36,0
74,22.53488372093023,58.21705426356589,35.68217054263566,494.3028682170542,129,Manhattan,East Harlem North,1001596.4822018786,231170.7231356335,36,0
13,86.72093023255815,52.775193798449614,-33.945736434108525,2624.348372093024,129,Manhattan,Battery Park City,979792.331028984,198691.52543753176,0,34
232,11.705426356589147,45.25581395348837,33.55038759689923,296.61124031007756,129,Manhattan,Two Bridges/Seward Park,988955.8875201414,199673.27702499644,34,0
140,177.72868217054264,144.54263565891472,-33.18604651162791,4073.0992248062003,129,Manhattan,Lenox Hill East,996787.6630546569,218166.4343533099,0,33
75,51.333333333333336,81.04651162790698,29.713178294573645,1088.9269767441863,129,Manhattan,East Harlem South,999272.1113831651,227103.7596245498,30,0
4,10.054263565891473,36.87596899224806,26.82170542635659,223.8837984496124,129,Manhattan,Alphabet City,990633.9806410479,202959.7823911368,27,0
41,27.302325581395348,53.325581395348834,26.023255813953487,549.6093798449613,129,Manhattan,Central Harlem,997734.6452331402,232321.2905475168,26,0
164,219.09302325581396,193.65116279069767,-25.441860465116278,5211.124031007753,129,Manhattan,Midtown South,988362.833435725,212002.89303566894,0,25
114,88.13178294573643,112.69767441860465,24.565891472868216,2057.428527131783,129,Manhattan,Greenwich Village South,984976.1217439739,204630.6079875288,25,0
42,12.37984496124031,36.7906976744186,24.410852713178294,262.50596899224814,129,Manhattan,Central Harlem North,1000643.632259087,237395.8715478042,24,0
100,135.2248062015504,110.95348837209302,-24.271317829457363,3241.1669767441863,129,Manhattan,Garment District,987356.7624025445,213801.8903360138,0,24
261,54.48837209302326,31.565891472868216,-22.92248062015504,1608.7538759689924,129,Manhattan,World Trade Center,980639.5117675496,197635.1737024674,0,23
224,13.356589147286822,36.23255813953488,22.875968992248062,297.98317829457375,129,Manhattan,Stuy Town/Peter Cooper Village,990735.9403089168,205899.41753291615,23,0
246,222.08527131782947,199.57364341085272,-22.511627906976745,5396.859069767441,129,Manhattan,West Chelsea/Hudson Yards,983137.466109154,213727.4000817298,0,23
107,161.34108527131784,183.0077519379845,21.666666666666668,3731.0615503875965,129,Manhattan,Gramercy,988669.5907152938,207721.84599820204,22,0
70,20.968992248062015,3.108527131782946,-17.86046511627907,1316.1817054263568,129,Queens,East Elmhurst,1020706.745137329,217413.87058175215,0,18
43,110.9922480620155,93.62015503875969,-17.372093023255815,2539.538914728681,129,Manhattan,Central Park,993789.0096985319,224356.21221165065,0,17
1,0.031007751937984496,16.728682170542637,16.697674418604652,1.2447286821705426,129,EWR,Newark Airport,935996.8210162065,191376.74953083202,17,0
181,5.27906976744186,21.953488372093023,16.674418604651162,129.7139534883721,129,Brooklyn,Park Slope,989405.7462567874,183512.2660660261,17,0
112,3.937984496124031,20.217054263565892,16.27906976744186,100.03573643410854,129,Brooklyn,Greenpoint,998235.3938487581,205059.36264106684,16,0
255,4.155038759689923,19.728682170542637,15.573643410852712,104.05131782945739,129,Brooklyn,Williamsburg (North Side),996053.8033052003,201159.03335346075,16,0
33,7.976744186046512,23.1937984496124,15.217054263565892,209.18511627906977,129,Brooklyn,Brooklyn Heights,985567.1393607879,192774.49236567307,15,0
113,126.67441860465117,139.93023255813952,13.255813953488373,2902.769302325581,129,Manhattan,Greenwich Village North,985828.421266087,206174.92383447656,13,0
151,68.03100775193798,81.03100775193798,13.0,1414.890620155039,129,Manhattan,Manhattan Valley,993063.3768608607,229997.64462554798,13,0
244,9.775193798449612,22.441860465116278,12.666666666666666,236.6177519379845,129,Manhattan,Washington Heights South,1000464.3110476533,245939.88065875435,13,0
45,13.689922480620154,26.170542635658915,12.48062015503876,355.17263565891466,129,Manhattan,Chinatown,984762.4692829204,198844.63611660182,12,0
116,8.356589147286822,20.558139534883722,12.2015503875969,183.65503875968997,129,Manhattan,Hamilton Heights,998496.7141201992,240584.4096847475,12,0
256,4.558139534883721,16.6046511627907,12.046511627906977,122.04139534883723,129,Brooklyn,Williamsburg (South Side),995365.8780821689,198271.799699528,12,0
243,3.434108527131783,15.108527131782946,11.674418604651162,87.2326356589147,129,Manhattan,Washington Heights North,1002830.5879831794,251552.22868853094,12,0
90,143.52713178294573,132.62790697674419,-10.89922480620155,3203.757286821707,129,Manhattan,Flatiron,985089.2186553577,209708.74184834195,0,11
24,20.4031007751938,30.17829457364341,9.775193798449612,433.85503875969005,129,Manhattan,Bloomingdale,993807.2716583572,231458.3760559646,10,0
7,5.434108527131783,15.062015503875969,9.627906976744185,131.21100775193798,129,Queens,Astoria,1006496.6791586807,216719.21816867893,10,0
145,7.790697674418604,17.1937984496124,9.4031007751938,240.78488372093025,129,Queens,Long Island City/Hunters Point,998411.7431344199,210842.5649406597,9,0
137,96.9922480620155,87.72868217054264,-9.263565891472869,2233.8817829457375,129,Manhattan,Kips Bay,990763.615736023,209039.3538898732,0,9
25,5.457364341085271,13.565891472868216,8.108527131782946,141.9120930232558,129,Brooklyn,Boerum Hill,988101.2213261976,189071.57913936634,8,0
209,16.45736434108527,24.496124031007753,8.03875968992248,470.38651162790717,129,Manhattan,Seaport,983234.0457223997,197610.82357761072,8,0
61,4.852713178294573,12.062015503875969,7.209302325581396,125.17387596899226,129,Brooklyn,Crown Heights North,1001091.0141538235,185009.74769500326,7,0
49,3.5968992248062017,10.7984496124031,7.2015503875969,86.90883720930236,129,Brooklyn,Clinton Hill,994687.7989075348,189923.67993134004,7,0
166,51.75968992248062,58.89147286821706,7.131782945736434,1175.0525581395348,129,Manhattan,Morningside Heights,994834.7872526807,234186.3268721064,7,0
40,1.4108527131782946,8.248062015503876,6.837209302325581,39.207596899224804,129,Brooklyn,Carroll Gardens,985371.6110268093,186726.9441730333,7,0
237,479.49612403100775,472.9767441860465,-6.51937984496124,10388.654341085276,129,Manhattan,Upper East Side South,993769.0237137815,219305.82782555217,0,7
10,1.7286821705426356,7.813953488372093,6.0852713178294575,126.56147286821707,129,Queens,Baisley Park,1042223.6050722591,186706.49646915717,6,0
95,2.9689922480620154,8.976744186046512,6.007751937984496,73.01317829457365,129,Queens,Forest Hills,1026474.8421587804,202150.22155636095,6,0
223,1.6744186046511629,7.395348837209302,5.72093023255814,62.83147286821706,129,Queens,Steinway,1010448.2493393868,222528.47602007707,6,0
216,1.7054263565891472,7.37984496124031,5.674418604651163,69.65162790697671,129,Queens,South Ozone Park,1034328.3000648457,185669.03225079025,6,0
80,2.5348837209302326,8.193798449612403,5.658914728682171,74.73085271317828,129,Brooklyn,East Williamsburg,1001771.8842984998,199911.28634464616,6,0
66,8.5968992248062,13.837209302325581,5.24031007751938,229.9893798449612,129,Brooklyn,DUMBO/Vinegar Hill,988214.5459807585,195128.66351404483,5,0
37,3.0,8.193798449612403,5.1937984496124034,77.0822480620155,129,Brooklyn,Bushwick South,1005813.8376355437,192491.0725491703,5,0
87,67.12403100775194,72.23255813953489,5.108527131782946,1993.4162790697678,129,Manhattan,Financial District North,982171.727891981,196785.94084490498,5,0
97,6.155038759689923,11.10077519379845,4.945736434108527,155.0582170542636,129,Brooklyn,Fort Greene,991215.6982442432,190949.61806373845,5,0
127,1.2713178294573644,6.1937984496124034,4.922480620155039,32.70860465116278,129,Manhattan,Inwood,1006568.4872156872,254822.37005747703,5,0
76,2.4651162790697674,7.147286821705427,4.682170542635659,62.870465116279064,129,Brooklyn,East New York,1018425.395770319,180096.55428265326,5,0
14,1.0775193798449612,5.751937984496124,4.674418604651163,27.14302325581397,129,Brooklyn,Bay Ridge,975952.0350819234,166921.55042206828,5,0
89,3.2325581395348837,7.7984496124031,4.565891472868217,82.81604651162793,129,Brooklyn,Flatbush/Ditmas Park,995082.8902422966,171682.828384498,5,0
129,3.1550387596899223,7.666666666666667,4.511627906976744,88.42806201550388,129,Queens,Jackson Heights,1016021.9707671711,215206.60151323938,5,0
17,3.4186046511627906,7.9147286821705425,4.496124031007752,72.8493023255814,129,Brooklyn,Bedford,998142.2060786379,191215.0683591191,4,0
189,1.8837209302325582,6.364341085271318,4.48062015503876,45.72666666666668,129,Brooklyn,Prospect Heights,993240.6149544868,186158.9037662549,4,0
225,2.9767441860465116,7.286821705426356,4.310077519379845,81.45186046511625,129,Brooklyn,Stuyvesant Heights,1003139.565788068,190001.9666835319,4,0
52,1.697674418604651,5.984496124031008,4.286821705426356,42.180775193798446,129,Brooklyn,Cobble Hill,985158.534254694,189441.98718140792,4,0
231,151.7829457364341,156.05426356589146,4.271317829457364,4051.98565891473,129,Manhattan,TriBeCa/Civic Center,982065.7013854686,200780.54042725134,4,0
92,0.7596899224806202,4.666666666666667,3.9069767441860463,21.425426356589146,129,Queens,Flushing,1031660.7208707302,216612.8159510848,4,0
39,1.62015503875969,5.372093023255814,3.751937984496124,45.48162790697676,129,Brooklyn,Canarsie,1012077.4831532118,171746.3489405953,4,0
211,77.96124031007751,81.71317829457364,3.751937984496124,1883.9846511627898,129,Manhattan,SoHo,983823.8071164908,203008.49133300316,4,0
36,1.178294573643411,4.829457364341085,3.6511627906976742,27.74527131782946,129,Brooklyn,Bushwick North,1007067.3784547453,194506.2645740725,4,0
202,0.3798449612403101,3.953488372093023,3.5736434108527133,13.578372093023257,129,Manhattan,Roosevelt Island,998114.2657052308,216861.1622843492,4,0
247,1.2945736434108528,4.558139534883721,3.2635658914728682,33.17666666666668,129,Bronx,West Concourse,1005169.1230273262,241308.75707519878,3,0
179,2.5193798449612403,5.72093023255814,3.201550387596899,64.36728682170542,129,Queens,Old Astoria,1004100.5532674759,220388.74304930714,3,0
198,1.186046511627907,4.232558139534884,3.046511627906977,28.611937984496127,129,Queens,Ridgewood,1011501.4868411963,196698.5440138868,3,0
257,0.37209302325581395,3.2790697674418605,2.9069767441860463,10.818217054263567,129,Brooklyn,Windsor Terrace,990359.3815942473,177405.49666927903,3,0
152,8.643410852713178,11.511627906976743,2.868217054263566,185.47441860465102,129,Manhattan,Manhattanville,997042.6288289687,237290.9067861937,3,0
188,3.2325581395348837,6.0852713178294575,2.852713178294574,80.08496124031005,129,Brooklyn,Prospect-Lefferts Gardens,998832.3808813528,179279.2193722589,3,0
218,0.31007751937984496,3.10077519379845,2.7906976744186047,8.779457364341082,129,Queens,Springfield Gardens North,1047209.1610987317,184218.4311918923,3,0
205,0.5193798449612403,3.147286821705426,2.627906976744186,16.378604651162792,129,Queens,Saint Albans,1049933.6363754966,191188.33726989798,3,0
217,0.8992248062015504,3.503875968992248,2.604651162790698,23.326744186046515,129,Brooklyn,South Williamsburg,995729.6302937921,195734.9381403171,3,0
168,2.3255813953488373,4.891472868217054,2.565891472868217,64.11302325581394,129,Bronx,Mott Haven/Port Morris,1007276.6552625739,233426.31053268496,3,0
219,0.7596899224806202,3.193798449612403,2.434108527131783,45.76519379844961,129,Queens,Springfield Gardens South,1049585.194577725,180616.2541370329,2,0
88,31.906976744186046,29.496124031007753,-2.4108527131782944,1003.1069767441862,129,Manhattan,Financial District South,981057.2642958593,195528.92479920073,0,2
91,1.255813953488372,3.6589147286821704,2.4031007751937983,35.40248062015502,129,Brooklyn,Flatlands,1003654.1440255485,167452.06576771155,2,0
51,0.6046511627906976,2.9612403100775193,2.356589147286822,22.990465116279072,129,Bronx,Co-Op City,1031744.9710915012,257736.0317728284,2,0
200,0.34108527131782945,2.6511627906976742,2.310077519379845,14.324108527131783,129,Bronx,Riverdale/North Riverdale/Fieldston,1009963.3806263335,267014.1902550762,2,0
220,0.5503875968992248,2.7906976744186047,2.24031007751938,11.68124031007752,129,Bronx,Spuyten Duyvil/Kingsbridge,1008953.1291249457,260773.7150891078,2,0
62,1.449612403100775,3.689922480620155,2.24031007751938,35.00410852713179,129,Brooklyn,Crown Heights South,998457.1474750465,182119.2885742171,2,0
35,1.434108527131783,3.6589147286821704,2.2248062015503876,37.64875968992249,129,Brooklyn,Brownsville,1009147.2314989058,181203.32110491273,2,0
26,1.069767441860465,3.2325581395348837,2.1627906976744184,23.21643410852713,129,Brooklyn,Borough Park,987397.4626662626,169148.40746897226,2,0
144,88.51937984496124,86.36434108527132,-2.1550387596899223,2160.5062790697675,129,Manhattan,Little Italy/NoLiTa,985104.1485227022,201915.7902757445,0,2
260,2.24031007751938,4.341085271317829,2.10077519379845,63.979379844961244,129,Queens,Woodside,1010211.9773426988,210434.8918941504,2,0
195,0.813953488372093,2.9069767441860463,2.0930232558139537,26.470697674418602,129,Brooklyn,Red Hook,981704.0644012764,185397.130970592,2,0
125,48.248062015503876,46.15503875968992,-2.0930232558139537,1153.2525581395346,129,Manhattan,Hudson Sq,982175.1477564898,203883.8201161869,0,2
69,1.0155038759689923,3.0697674418604652,2.054263565891473,29.666744186046515,129,Bronx,East Concourse/Concourse Village,1007764.085658132,242196.03761468016,2,0
86,0.34108527131782945,2.372093023255814,2.0310077519379846,12.15860465116279,129,Queens,Far Rockaway,1052215.5705983127,158853.81499105782,2,0
157,0.6434108527131783,2.643410852713178,2.0,23.97077519379845,129,Queens,Maspeth,1011322.0566218888,203062.48265449997,2,0
228,1.8294573643410852,3.7751937984496124,1.945736434108527,50.84062015503874,129,Brooklyn,Sunset Park West,981122.0045878767,176946.79144550333,2,0
71,1.069767441860465,3.0,1.930232558139535,25.70999999999998,129,Brooklyn,East Flatbush/Farragut,1001465.1562155226,174013.8443005886,2,0
93,0.7364341085271318,2.6666666666666665,1.930232558139535,42.15953488372092,129,Queens,Flushing Meadows-Corona Park,1028348.080639231,209164.12047047325,2,0
160,0.6124031007751938,2.511627906976744,1.8992248062015504,14.826744186046518,129,Queens,Middle Village,1017500.3337736354,201008.7480716868,2,0
54,0.2558139534883721,2.131782945736434,1.875968992248062,6.691007751937985,129,Brooklyn,Columbia Street,983442.5831941621,189642.16029755108,2,0
119,0.4186046511627907,2.2790697674418605,1.8604651162790697,13.296744186046514,129,Bronx,Highbridge,1004682.7553744144,244528.83953167713,2,0
135,0.31007751937984496,2.1627906976744184,1.8527131782945736,8.535813953488372,129,Queens,Kew Gardens Hills,1033808.0664842709,204694.61460670287,2,0
106,1.2790697674418605,3.131782945736434,1.8527131782945736,29.732480620155034,129,Brooklyn,Gowanus,986844.2853590193,184655.37448370285,2,0
55,0.8294573643410853,2.682170542635659,1.8527131782945736,29.559147286821716,129,Brooklyn,Coney Island,987599.1763107228,149479.23529518777,2,0
65,8.356589147286822,10.170542635658915,1.813953488372093,227.73976744186044,129,Brooklyn,Downtown Brooklyn/MetroTech,988108.3766447257,192606.94834778874,2,0
197,1.2403100775193798,3.046511627906977,1.806201550387597,44.239922480620145,129,Queens,Richmond Hill,1031135.2530615153,192362.21698943275,2,0
258,0.43410852713178294,2.2170542635658914,1.7829457364341086,10.05046511627907,129,Queens,Woodhaven,1024249.8716237351,190229.06962103507,2,0
124,0.3023255813953488,2.0775193798449614,1.7751937984496124,9.652480620155039,129,Queens,Howard Beach,1027278.1400976918,179131.7944112152,2,0
215,0.8527131782945736,2.612403100775194,1.7596899224806202,40.092868217054246,129,Queens,South Jamaica,1042216.2459479597,192344.28083004424,2,0
133,0.8449612403100775,2.5968992248062017,1.751937984496124,21.324108527131788,129,Brooklyn,Kensington,990855.5089877855,172661.46367470387,2,0
72,1.3333333333333333,3.0775193798449614,1.744186046511628,34.26899224806202,129,Brooklyn,East Flatbush/Remsen Village,1005823.7039946363,176959.91492476902,2,0
182,0.4573643410852713,2.1550387596899223,1.697674418604651,11.854806201550385,129,Bronx,Parkchester,1023546.1195878815,244523.60478571683,2,0
226,7.348837209302325,9.031007751937985,1.682170542635659,249.87426356589148,129,Queens,Sunnyside,1005124.9821983831,208048.82712851572,2,0
28,0.7829457364341085,2.441860465116279,1.6589147286821706,27.701550387596907,129,Queens,Briarwood/Jamaica Hills,1037276.450260145,198588.18036389697,2,0
191,0.4186046511627907,2.0775193798449614,1.6589147286821706,12.837829457364341,129,Queens,Queens Village,1055901.629081539,200041.3338398747,2,0
63,0.5581395348837209,2.1705426356589146,1.6124031007751938,13.99201550387597,129,Brooklyn,Cypress Hills,1018038.508018096,188441.23189381982,2,0
171,0.15503875968992248,1.7131782945736433,1.558139534883721,3.374418604651163,129,Queens,Murray Hill-Queens,1037005.2460888692,219265.33237573717,2,0
165,0.8992248062015504,2.449612403100775,1.550387596899225,18.9853488372093,129,Brooklyn,Midwood,996235.9681391948,165498.6289448304,2,0
98,0.08527131782945736,1.6046511627906976,1.5193798449612403,2.1704651162790696,129,Queens,Fresh Meadows,1045981.3581738913,206939.6178548511,2,0
177,1.434108527131783,2.945736434108527,1.5116279069767442,38.262945736434126,129,Brooklyn,Ocean Hill,1008206.4863896965,185807.8687629447,2,0
102,0.3875968992248062,1.8682170542635659,1.4806201550387597,12.935813953488372,129,Queens,Glendale,1018703.895664441,195621.72184014547,1,0
56,0.6589147286821705,2.131782945736434,1.4728682170542635,23.726046511627906,129,Queens,Corona,1023365.172611275,209422.59485546063,1,0
155,0.8992248062015504,2.3410852713178296,1.441860465116279,22.010542635658922,129,Brooklyn,Marine Park/Mill Basin,1007772.0738285038,163199.94683754715,1,0
121,0.31007751937984496,1.7364341085271318,1.426356589147287,8.29906976744186,129,Queens,Hillcrest/Pomonok,1039005.1967439284,204689.62747248283,1,0
131,0.4108527131782946,1.8294573643410852,1.4186046511627908,11.12736434108527,129,Queens,Jamaica Estates,1046313.573758885,201910.06961972587,1,0
167,0.5038759689922481,1.9224806201550388,1.4186046511627908,14.47612403100775,129,Bronx,Morrisania/Melrose,1011274.10312161,240777.45048551454,1,0
203,0.17054263565891473,1.565891472868217,1.3953488372093024,5.57643410852713,129,Queens,Rosedale,1056534.442660378,179057.24700622662,1,0
149,0.35658914728682173,1.744186046511628,1.3875968992248062,8.612945736434108,129,Brooklyn,Madison,998651.5086685958,159666.94559370997,1,0
38,0.18604651162790697,1.565891472868217,1.37984496124031,7.234728682170543,129,Queens,Cambria Heights,1057581.8857305443,192354.37534157524,1,0
139,0.2713178294573643,1.6434108527131783,1.372093023255814,10.271240310077518,129,Queens,Laurelton,1055193.0494190822,186064.86991700612,1,0
254,0.46511627906976744,1.821705426356589,1.3565891472868217,17.99883720930233,129,Bronx,Williamsbridge/Olinville,1023253.9608941409,260702.71418530465,1,0
233,118.70542635658914,117.3953488372093,-1.310077519379845,2838.449302325582,129,Manhattan,UN/Turtle Bay South,992439.5608777382,212491.9358422481,0,1
213,0.5658914728682171,1.8604651162790697,1.2945736434108528,16.80302325581395,129,Bronx,Soundview/Castle Hill,1023516.9037806736,237276.93187677432,1,0
235,0.5426356589147286,1.8372093023255813,1.2945736434108528,14.424341085271317,129,Bronx,University Heights/Morris Heights,1007494.9920085217,249885.02158991544,1,0
208,0.2868217054263566,1.565891472868217,1.2790697674418605,8.293333333333335,129,Bronx,Schuylerville/Edgewater Park,1033088.7374246694,239283.26241425486,1,0
210,0.4186046511627907,1.689922480620155,1.2713178294573644,12.642480620155037,129,Brooklyn,Sheepshead Bay,1000772.9141552745,154972.18794490898,1,0
193,2.046511627906977,3.2868217054263567,1.2403100775193798,48.77589147286822,129,Queens,Queensbridge/Ravenswood,1000318.472670505,216284.73388045916,1,0
85,0.9534883720930233,2.1627906976744184,1.2093023255813953,22.75046511627908,129,Brooklyn,Erasmus,997674.78128442,174677.62359658885,1,0
22,0.5348837209302325,1.7364341085271318,1.2015503875968991,10.167906976744186,129,Brooklyn,Bensonhurst West,985566.4176542887,162323.8287235864,1,0
117,0.3023255813953488,1.496124031007752,1.193798449612403,12.984186046511628,129,Queens,Hammels/Arverne,1042676.051909837,155778.33770686,1,0
252,0.20930232558139536,1.3953488372093024,1.186046511627907,6.664883720930232,129,Queens,Whitestone,1035297.1584300715,226490.62684080808,1,0
169,0.5503875968992248,1.7131782945736433,1.1627906976744187,15.02519379844961,129,Bronx,Mount Hope,1010498.8966177455,248626.50066211302,1,0
18,0.4496124031007752,1.6046511627906976,1.1550387596899225,11.798372093023254,129,Bronx,Bedford Park,1014623.3272763422,255416.74215301158,1,0
194,0.23255813953488372,1.3875968992248062,1.1550387596899225,13.253410852713179,129,Manhattan,Randalls Island,1005129.3426642001,227468.71626552643,1,0
83,0.7596899224806202,1.9147286821705427,1.1550387596899225,27.521162790697666,129,Queens,Elmhurst/Maspeth,1014131.0479577216,208286.3127456639,1,0
123,0.7364341085271318,1.8682170542635659,1.1317829457364341,16.853178294573645,129,Brooklyn,Homecrest,994154.4642102672,157857.78764196427,1,0
16,0.1937984496124031,1.2945736434108528,1.1007751937984496,5.462713178294573,129,Queens,Bayside,1047016.784330188,217243.7604961802,1,0
227,0.4806201550387597,1.573643410852713,1.0930232558139534,12.825348837209303,129,Brooklyn,Sunset Park East,982958.7984940856,173132.83396129613,1,0
241,0.3875968992248062,1.4806201550387597,1.0930232558139534,11.37488372093023,129,Bronx,Van Cortlandt Village,1013115.8817520497,258631.99219990108,1,0
77,0.5503875968992248,1.6356589147286822,1.0852713178294573,15.715581395348837,129,Brooklyn,East New York/Pennsylvania Avenue,1013278.1286526012,182139.0472945757,1,0
134,1.2790697674418605,2.356589147286822,1.0775193798449612,55.34217054263567,129,Queens,Kew Gardens,1031739.0022501621,197284.97927258155,1,0
185,0.20930232558139536,1.2713178294573644,1.062015503875969,6.078837209302326,129,Bronx,Pelham Parkway,1024530.2532265898,250593.75299100287,1,0
259,0.17054263565891473,1.2170542635658914,1.0465116279069768,7.042015503875968,129,Bronx,Woodlawn/Wakefield,1025106.2307871642,266453.4145522804,1,0
82,2.511627906976744,3.511627906976744,1.0,69.74364341085268,129,Queens,Elmhurst,1018302.534288022,208718.58925015814,1,0
196,1.2713178294573644,2.2248062015503876,0.9534883720930233,44.48062015503877,129,Queens,Rego Park,1022128.768997929,203864.03666497374,1,0
19,0.13953488372093023,1.0852713178294573,0.9457364341085271,4.02031007751938,129,Queens,Bellerose,1060002.7496102,207352.35251648712,1,0
108,0.24806201550387597,1.193798449612403,0.9457364341085271,7.787131782945737,129,Brooklyn,Gravesend,989407.3274538667,153648.26672411078,1,0
21,0.34108527131782945,1.2713178294573644,0.9302325581395349,7.793255813953486,129,Brooklyn,Bensonhurst East,988821.3915776814,158393.65778602433,1,0
64,0.07751937984496124,1.0,0.9224806201550387,1.9406201550387594,129,Queens,Douglaston,1056461.1692268404,216496.53369807045,1,0
15,0.07751937984496124,0.9922480620155039,0.9147286821705426,1.3695348837209302,129,Queens,Bay Terrace/Fort Totten,1043521.3830455702,224738.6129755755,1,0
222,0.3953488372093023,1.2790697674418605,0.8837209302325582,10.735658914728685,129,Brooklyn,Starrett City,1016880.3445569858,175209.80327776715,1,0
180,0.40310077519379844,1.2790697674418605,0.875968992248062,10.82387596899225,129,Queens,Ozone Park,1026677.5797665772,185450.93130147815,1,0
29,0.2713178294573643,1.1317829457364341,0.8604651162790697,7.274806201550388,129,Brooklyn,Brighton Beach,995023.0950078965,150924.27687794657,1,0
47,0.3643410852713178,1.2093023255813953,0.8449612403100775,9.62341085271318,129,Bronx,Claremont/Bathgate,1011831.0101993148,246329.04426500178,1,0
78,0.5426356589147286,1.37984496124031,0.8372093023255814,13.411240310077517,129,Bronx,East Tremont,1015923.6509313948,247139.97024585522,1,0
178,0.20930232558139536,1.0387596899224807,0.8294573643410853,4.660775193798449,129,Brooklyn,Ocean Parkway South,992488.3342148869,164182.16421082919,1,0
67,0.2713178294573643,1.0852713178294573,0.813953488372093,8.364573643410852,129,Brooklyn,Dyker Heights,980418.277887647,165020.58539900745,1,0
136,0.2868217054263566,1.069767441860465,0.7829457364341085,9.515038759689922,129,Bronx,Kingsbridge Heights,1010274.3202539553,254530.65081090233,1,0
173,0.4573643410852713,1.2325581395348837,0.7751937984496124,11.553875968992244,129,Queens,North Corona,1022197.0870768115,213491.23352672328,1,0
175,0.1937984496124031,0.9612403100775194,0.7674418604651163,6.524728682170544,129,Queens,Oakland Gardens,1052245.0396521217,209946.98083071175,1,0
81,0.2713178294573643,0.9922480620155039,0.7209302325581395,9.104341085271319,129,Bronx,Eastchester,1029422.4201378655,260268.37646953634,1,0
146,3.7286821705426356,4.449612403100775,0.7209302325581395,98.05627906976743,129,Queens,Long Island City/Queens Plaza,1002305.987357746,214074.29665507557,1,0
32,0.2713178294573643,0.9844961240310077,0.7131782945736435,9.850697674418605,129,Bronx,Bronxdale,1021618.2183901309,254085.68414675994,1,0
192,0.09302325581395349,0.7906976744186046,0.6976744186046512,2.3370542635658915,129,Queens,Queensboro Hill,1035449.7277915126,210299.49328919078,1,0
53,0.24031007751937986,0.937984496124031,0.6976744186046512,10.723178294573643,129,Queens,College Point,1027782.0265390344,223823.08273507966,1,0
248,0.24031007751937986,0.9302325581395349,0.689922480620155,7.234341085271318,129,Bronx,West Farms/Bronx River,1019590.3761034976,243211.97877621523,1,0
190,0.3488372093023256,1.0387596899224807,0.689922480620155,8.189689922480621,129,Brooklyn,Prospect Park,992874.5690428183,180324.55048010786,1,0
3,0.20155038759689922,0.8837209302325582,0.6821705426356589,6.372015503875968,129,Bronx,Allerton/Pelham Gardens,1026452.6168734727,254265.47865856893,1,0
20,0.3643410852713178,0.9767441860465116,0.6124031007751938,9.356899224806202,129,Bronx,Belmont,1015821.8614530906,251810.303512513,1,0
122,0.10077519379844961,0.689922480620155,0.5891472868217055,2.0710077519379846,129,Queens,Hollis,1050471.5070567904,198271.7856382352,1,0
201,0.20155038759689922,0.7906976744186046,0.5891472868217055,7.965426356589147,129,Queens,Rockaway Park,1027736.5213460764,149890.08516115407,1,0
174,0.5813953488372093,1.1550387596899225,0.5736434108527132,15.171162790697673,129,Bronx,Norwood,1017705.6853706642,258865.70276778052,1,0
101,0.09302325581395349,0.6589147286821705,0.5658914728682171,2.7877519379844964,129,Queens,Glen Oaks,1064321.6844356095,211194.12738601945,1,0
9,0.12403100775193798,0.6511627906976745,0.5271317829457365,3.893720930232558,129,Queens,Auburndale,1043002.6774243254,212969.8490136597,1,0
154,0.10852713178294573,0.6356589147286822,0.5271317829457365,4.904263565891473,129,Brooklyn,Marine Park/Floyd Bennett Field,1011301.6035144813,155545.39617014467,1,0
150,0.13953488372093023,0.6589147286821705,0.5193798449612403,3.2647286821705426,129,Brooklyn,Manhattan Beach,999908.708734879,150763.56700925966,1,0
212,0.3488372093023256,0.8527131782945736,0.5038759689922481,10.127906976744185,129,Bronx,Soundview/Bruckner,1020315.9032821191,240931.2162116811,1,0
11,0.1937984496124031,0.6821705426356589,0.4883720930232558,4.910310077519379,129,Brooklyn,Bath Beach,982170.7832338787,159429.3168836981,0,0
60,0.26356589147286824,0.7441860465116279,0.4806201550387597,6.795503875968992,129,Bronx,Crotona Park East,1015824.0717104394,243143.05780958594,0,0
12,1.8682170542635659,1.3875968992248062,-0.4806201550387597,54.98077519379844,129,Manhattan,Battery Park,979934.7305677243,195378.9728508775,0,0
128,0.08527131782945736,0.5581395348837209,0.4728682170542636,2.727906976744186,129,Manhattan,Inwood Hill Park,1005166.5528590761,257117.8925632856,0,0
242,0.43410852713178294,0.9069767441860465,0.4728682170542636,12.598062015503876,129,Bronx,Van Nest/Morris Park,1025564.8278476673,247818.58816932616,0,0
73,0.05426356589147287,0.5116279069767442,0.4573643410852713,1.0889922480620153,129,Queens,East Flushing,1037640.2378106113,214077.6206734465,0,0
183,0.14728682170542637,0.5736434108527132,0.4263565891472868,4.044883720930232,129,Bronx,Pelham Bay,1030844.6058161812,248698.68510380972,0,0
120,0.03875968992248062,0.46511627906976744,0.4263565891472868,1.3202325581395349,129,Manhattan,Highbridge Park,1003566.2603626965,247748.72753217374,0,0
130,3.7131782945736433,4.116279069767442,0.40310077519379844,106.24759689922482,129,Queens,Jamaica,1041371.2864290018,195964.28511474803,0,0
159,1.1705426356589148,1.565891472868217,0.3953488372093023,28.4848062015504,129,Bronx,Melrose South,1008372.3431942797,237403.26520762578,0,0
94,0.3178294573643411,0.7131782945736435,0.3953488372093023,6.5338759689922465,129,Bronx,Fordham South,1012040.665243386,251942.57172494626,0,0
250,0.4728682170542636,0.8604651162790697,0.3875968992248062,13.881860465116285,129,Bronx,Westchester Village/Unionport,1026135.8006293959,242470.43505891712,0,0
126,0.4806201550387597,0.7751937984496124,0.29457364341085274,13.809767441860465,129,Bronx,Hunts Point,1015935.0216336484,235158.32693405412,0,0
147,0.43410852713178294,0.7286821705426356,0.29457364341085274,9.991472868217055,129,Bronx,Longwood,1012217.112268326,237923.2448208716,0,0
240,0.05426356589147287,0.34108527131782945,0.2868217054263566,1.6262015503875968,129,Bronx,Van Cortlandt Park,1016879.869198504,265226.43863678636,0,0
58,0.015503875968992248,0.24031007751937986,0.2248062015503876,0.7010852713178295,129,Bronx,Country Club,1033945.7966954281,245891.95429244667,0,0
31,0.06976744186046512,0.26356589147286824,0.1937984496124031,2.320387596899225,129,Bronx,Bronx Park,1018696.4006329516,251801.91339506747,0,0
206,0.007751937984496124,0.20155038759689922,0.1937984496124031,0.13651162790697674,129,Staten Island,Saint George/New Brighton,955854.2053012605,172088.09238731404,0,0
153,0.11627906976744186,0.2868217054263566,0.17054263565891473,3.208604651162791,129,Manhattan,Marble Hill,1009034.6862684477,258429.1415350053,0,0
34,0.9224806201550387,0.7674418604651163,-0.15503875968992248,24.46519379844962,129,Brooklyn,Brooklyn Navy Yard,992238.7448684232,194618.42574558523,0,0
46,0.031007751937984496,0.18604651162790697,0.15503875968992248,1.1654263565891474,129,Bronx,City Island,1044565.4049743084,248697.32700109552,0,0
96,0.06201550387596899,0.21705426356589147,0.15503875968992248,1.7289922480620157,129,Queens,Forest Park/Highland Park,1019865.1809046713,193239.00952966628,0,0
23,0.03875968992248062,0.1937984496124031,0.15503875968992248,1.3775193798449612,129,Staten Island,Bloomfield/Emerson Hill,936800.3814228631,160268.1237133335,0,0
214,0.023255813953488372,0.17054263565891473,0.14728682170542637,0.4584496124031008,129,Staten Island,South Beach/Dongan Hills,960498.7813147745,153070.10553933622,0,0
118,0.0,0.13953488372093023,0.13953488372093023,0.0,129,Staten Island,Heartland Village/Todt Hill,947313.2115533687,153002.19989383093,0,0
221,0.023255813953488372,0.16279069767441862,0.13953488372093023,0.8942635658914727,129,Staten Island,Stapleton,963788.5728740784,164718.9103742411,0,0
6,0.03875968992248062,0.17054263565891473,0.13178294573643412,1.9386821705426354,129,Staten Island,Arrochar/Fort Wadsworth,964319.735448061,157998.9356119239,0,0
115,0.015503875968992248,0.13178294573643412,0.11627906976744186,1.056046511627907,129,Staten Island,Grymes Hill/Clifton,959864.0081423334,164432.11292961225,0,0
251,0.0,0.11627906976744186,0.11627906976744186,0.0,129,Staten Island,Westerleigh,949450.1344788744,164047.36514970663,0,0
27,0.007751937984496124,0.11627906976744186,0.10852713178294573,0.41434108527131785,129,Queens,Breezy Point/Fort Tilden/Riis Beach,1010116.0525911167,142998.097106859,0,0
253,0.03875968992248062,0.13953488372093023,0.10077519379844961,1.011937984496124,129,Queens,Willets Point,1028229.9452522065,216434.84686612728,0,0
245,0.007751937984496124,0.09302325581395349,0.08527131782945736,0.44364341085271314,129,Staten Island,West Brighton,955698.9158310394,168837.0586013862,0,0
57,0.031007751937984496,0.11627906976744186,0.08527131782945736,0.7430232558139535,129,Queens,Corona,1024817.4538048006,213218.63492433997,0,0
187,0.0,0.07751937984496124,0.07751937984496124,0.0,129,Staten Island,Port Richmond,945169.9571905945,168165.56998955715,0,0
109,0.007751937984496124,0.07751937984496124,0.06976744186046512,0.14031007751937985,129,Staten Island,Great Kills,942318.0695212188,140370.83697271615,0,0
30,0.007751937984496124,0.06976744186046512,0.06201550387596899,0.06728682170542635,129,Queens,Broad Channel,1033697.3819386285,159266.0868838442,0,0
84,0.007751937984496124,0.06201550387596899,0.05426356589147287,0.26201550387596895,129,Staten Island,Eltingville/Annadale/Prince's Bay,932076.4501930304,131946.88658336038,0,0
156,0.007751937984496124,0.06201550387596899,0.05426356589147287,0.47364341085271316,129,Staten Island,Mariners Harbor,937831.3979157201,169323.09568286434,0,0
207,0.12403100775193798,0.06976744186046512,-0.05426356589147287,7.383333333333333,129,Queens,Saint Michaels Cemetery/Woodside,1012130.8105779189,217633.2993820884,0,0
172,0.007751937984496124,0.06201550387596899,0.05426356589147287,0.02131782945736434,129,Staten Island,New Dorp/Midland Beach,955074.2840242308,147604.72249633484,0,0
8,0.06976744186046512,0.11627906976744186,0.046511627906976744,1.1189922480620156,129,Queens,Astoria Park,1005551.5711778702,222936.08755158543,0,0
176,0.0,0.046511627906976744,0.046511627906976744,0.0,129,Staten Island,Oakwood,950189.7218172458,144049.9002898066,0,0
2,0.0,0.031007751937984496,0.031007751937984496,0.0,129,Queens,Jamaica Bay,1031085.7186032843,164018.75440320166,0,0
59,0.007751937984496124,0.03875968992248062,0.031007751937984496,-0.010465116279069767,129,Bronx,Crotona Park,1013307.8668851721,244801.2399171087,0,0
111,0.007751937984496124,0.03875968992248062,0.031007751937984496,0.11325581395348837,129,Brooklyn,Green-Wood Cemetery,986959.7652887183,176867.70260620638,0,0
5,0.0,0.023255813953488372,0.023255813953488372,0.0,129,Staten Island,Arden Heights,931871.3700680139,140681.35137597343,0,0
184,0.06976744186046512,0.08527131782945736,0.015503875968992248,2.385813953488372,129,Bronx,Pelham Bay Park,1037392.699343806,255671.9999736178,0,0
199,0.015503875968992248,0.0,-0.015503875968992248,1.2575193798449613,129,Bronx,Rikers Island,1016742.2004998754,227529.73980097013,0,0
204,0.0,0.015503875968992248,0.015503875968992248,0.0,129,Staten Island,Rossville/Woodrow,926485.9389783139,136202.98565098652,0,0
44,0.023255813953488372,0.031007751937984496,0.007751937984496124,0.4721705426356589,129,Staten Island,Charleston/Tottenville,919325.6707014753,130813.71730920512,0,0
105,0.0,0.0,0.0,0.0,129,Manhattan,Governor's Island/Ellis Island/Liberty Island,978960.5655138263,190219.67387671873,0,0
99,0.0,0.0,0.0,0.0,129,Staten Island,Freshkills Park,932463.5770637904,149465.339574893,0,0
110,0.0,0.0,0.0,0.0,129,Staten Island,Great Kills Park,948580.6069577679,138144.9262860037,0,0
